count,area_Mm2,cov_cost_GBPbn,off_cost_GBPbn
94876.40834958821,57.2805233998364,6.2917387726511995,4.403310923730111
95420.31902765986,52.23122036553742,5.966651126784186,4.518204804130117
95164.0620980006,55.75982222031099,6.5406470213750065,4.854778278959532
94863.2923582368,60.96071157467299,6.983395788523544,4.401924925730895
94813.8776966619,56.3642967903171,6.397561219368975,4.551606292555087
95110.53657423673,60.88888963099238,7.005486161691512,4.64378196107007
94807.45200677481,55.487179170703826,6.604686638386171,4.60026303799783
94807.78378016723,53.68710433632629,6.05567583901371,4.316382204396652
94700.9046779686,57.39185847677411,7.038323131423474,4.912344927462411
95058.09686189424,61.49606219496675,6.984245964408988,4.66169638796439
95096.60915358685,58.78762275176945,6.865355551618184,4.867392574254405
94759.30705694765,54.52580319667336,5.967613545747148,4.317334283704812
94841.862213255,54.20798935014861,5.987975975928273,4.475072042389063
94515.45026876514,58.00557536399747,6.6253969095044525,4.496363699388898
95013.85980763705,60.04255880463347,6.973210994301643,4.846641392386758
94450.94970445329,60.48561620315792,7.026431505198969,4.53394665390213
94661.60109229198,54.03275455271425,6.0051549705349725,4.494100955026028
95188.42584732895,55.794727904356634,6.509692004102127,4.916938288008643
95101.2378324828,59.283932644495096,6.530850624929923,4.307552390281473
94998.75938028052,58.84895940427019,6.470716141476087,4.478581690539181
94786.95885473478,58.578766483981006,6.613154105550812,4.374148120611859
94502.68338234733,60.1365662616046,6.582770459554066,4.255739624774278
95116.75538401399,53.26141402142397,5.60894807641671,4.346089130065152
94570.18480583194,56.27271019230647,6.146925144931187,4.738052570895783
94828.50675685132,53.70598636815778,6.016515288623334,4.340186381339967
95007.93067809357,56.153896525180876,6.290950814424755,4.182627422981909
94917.78605785298,60.12722162639665,6.836528171103005,4.669210413817874
94797.56090155712,54.831408782515346,6.011386522028857,4.275034896518136
95054.66107459,57.40841640388552,6.557330071374863,4.531832616144457
95243.96445634188,55.575259760164286,6.2099999194346704,4.5885611473253345
95131.26172435125,58.669997596112395,6.527848723078002,4.450438100076009
94969.91788807488,54.9671474295073,6.567524289613067,5.090524496947121
95107.43483054866,57.90105750478565,6.613195848308696,4.581525353582
94615.72971459052,59.47417464728658,6.799065206474963,4.3163009132537615
94888.35834952301,62.34333534194853,6.955759507793679,4.1886733421786175
95065.84584980272,57.63333057731941,6.506013325517269,4.4190953535994195
94892.89924955445,56.71045750088438,6.465066320091165,4.5555277193704
95772.27088999025,60.981358661359565,7.077186296635371,4.674814822855395
94730.04875624871,62.52806167303206,7.115471455370999,4.661184132823724
94810.17718537236,58.5037433219364,6.773416232405106,4.678916491006434
95070.42232027481,54.41158893685971,6.2277444393047245,4.656302416721731
95267.05265637604,57.89740456638038,6.4660042459475955,4.292073952552983
94648.61898623541,56.55693961954576,6.69142782937049,4.4583811303253995
95293.7284859811,61.71092369224366,7.099060617273364,4.64198826968021
94602.72540299765,52.33038650799495,5.585640735199297,4.429375988229877
94544.36253296629,58.02166525280308,6.639124709298957,4.573362682802428
94859.63022207028,52.47592169938411,6.106537011060763,4.699352961509502
94937.40614130751,61.16984946231554,7.013667010753836,4.495127725440449
94621.34642189441,53.43154102241696,5.880640964220007,4.477349059080336
95281.47791265439,57.35817308951291,6.504811735695877,4.474459193916656
95258.58310393072,56.50865470094008,6.608439255318326,4.6963925685339305
94891.41495322263,60.96485479890031,7.156899893234881,4.773626388786634
95137.3132319311,56.69062480043129,6.628985613049437,4.728622423873572
94971.27621966819,56.20738811790116,6.5388803765473025,4.742896460035899
95039.83264011245,60.04985979148496,7.019258226919945,4.650692380984089
94824.84427293045,55.08261130530894,6.556881586625495,4.837120454425546
95050.59811892314,49.800558479073324,5.924868445133417,4.895197421722415
95005.67111459357,62.03237502112568,6.981784611651887,4.496556249698944
95111.5885889891,57.41468735484128,6.43719873655353,4.424328045998579
94886.26985183124,54.43256426045658,6.430307873370767,4.914398509428485
94936.36299398457,61.10586558181541,7.3142543285563,4.882815284237627
95275.86611052159,61.76992535312541,7.2435537103427645,4.679724557918858
95031.34048973827,57.62982574101937,6.5414978156032495,4.614301313761931
95145.40573890021,58.99846610853473,6.521918783334444,4.435321242112196
94647.56375727669,55.10144231746483,6.390972459833752,4.697306132378237
94849.24198010839,57.71768353633404,6.554816697501715,4.386756360296193
95017.8106867213,56.084513894298894,6.068955576195908,4.687374521576122
94797.08077705196,59.43257891706125,6.833679414502825,4.630804275800914
94443.05940718937,60.976653941570085,6.74780591707892,4.523771685664822
95054.47537384914,51.077081412586764,5.823910985447745,4.847204826361106
95254.48395282486,50.616914237054345,6.00199847050865,4.627479021797137
94711.29592823506,59.51793958642553,6.336668046853663,4.212372961593904
94846.10268247407,52.753136425906284,5.944456541626702,4.464902953884754
94462.52913149586,54.19692822633976,6.171748505003351,4.630887191956701
94795.50889108323,58.14488882121469,6.693066183439026,4.453084667215208
95081.91311688203,58.40754207179853,6.188316329131843,4.055344346147652
94700.7184913907,57.080002414981244,6.782802986802521,4.872360916081507
94755.57786746435,57.844084558857766,6.385544161435376,4.3185843102386166
94715.68327985801,60.94335903992594,6.578490895560667,4.224123659657859
95157.8862782182,57.19222412304536,6.329189639315741,4.160995143873328
94824.26962625634,55.92935470825518,6.379140377776925,4.568426385095292
94741.69495363222,60.309926802820726,6.6321453076011885,4.3833280374734525
94553.77604107276,55.739028445153934,6.345256082205712,4.6363383077337055
94928.94418150291,57.60752089400302,6.509111374066538,4.236250204890736
94939.73394856903,60.132506210771005,6.922412853844516,4.523951894750534
95314.0172395115,59.479808910632016,6.946434892208006,4.713730093167698
95122.50721487416,61.5343717974014,7.025466152953377,4.390776664023184
94689.13335059606,58.508632156656354,6.6038219498901505,4.471731937795391
94344.56642016146,54.967028291952346,6.0546466929247424,4.462936975576644
95176.71589550546,58.31053367088646,6.511862741493257,4.61197279996431
95089.98655270746,60.96438059906238,7.171918777174307,4.739901060029744
94783.49680420551,60.274038077015135,6.724593813271311,4.404988038133506
94573.2993429595,60.89442983871738,6.893272416489472,4.406729180167678
94845.20670208803,59.280501022445044,6.780413755788372,4.754013063368166
94834.75192147288,60.49784035558845,6.742407352105827,4.355169705510724
94710.35593824225,55.6436911032547,6.2415669426283005,4.618290648543642
94107.67906789792,53.044967441222745,6.050296960492765,4.659119449133237
95212.93631699673,52.59962129291037,5.892668830035559,4.647914589545021
94649.80946567551,57.46190053937464,6.474797406648769,4.42289771317604
94922.87505548095,58.32837585142022,7.005241754659701,4.728178192745051
94608.1422597069,56.92001745551942,6.620782617719664,4.814217860168965
94959.43103128723,56.476310503954174,6.255368717213012,4.345078490041086
95075.92310325385,59.001227491618934,6.516546126823078,4.065884063870333
94864.89052813732,60.60845635427341,6.90530434529121,4.831555751133522
94998.0256873438,56.11920095378941,6.310543082747205,4.4575699209819
94947.9741529928,56.40414384671994,6.077377558774771,4.219613411742872
94650.39364618952,58.866796262956875,6.77813675122911,4.69826901970623
94817.85105116433,58.91135235054837,6.6549636712338085,4.502433161494552
95176.16598613418,58.30179610376738,6.080607976852436,3.879836673840366
95170.32241716399,53.843198687927234,6.073823913977564,4.472206604076098
95029.34148172029,55.065943309897484,5.848804144937033,4.1138575345269555
94382.03931203108,60.711417359097325,6.807113083142916,4.260220017658267
95398.16639764373,58.46809813049829,6.870817214308957,4.958590335817333
94900.18721078236,58.21867744146196,6.674569538418214,4.446176396202648
94643.15167089918,58.517881647713914,6.443631666501956,4.3691665495529595
95306.3477225891,57.50250794755423,6.585246506191325,4.661769024355285
94778.20942818155,53.81482869327319,5.683933979998499,4.149129537244155
94597.87475396419,57.49475156928769,6.5791649183886,4.692874529480148
94826.69511943928,55.72666606791256,6.482668514655449,4.524311999768761
95050.23338548095,59.47508083542888,6.462316520387444,4.297660308479043
94385.45227380285,61.07830532877443,6.99823859890064,4.5559481588938135
94538.7010271799,62.450107862952,7.11355170042366,4.591842991797655
94829.56726063375,54.44124003553214,5.97509711287421,4.280227461015272
94742.0170927959,49.68871629112494,5.577880305806261,4.593395094752244
94853.50456795303,60.33596742487882,7.006382741318726,4.657352913036336
95352.91718516096,61.2366692601869,6.86720845482647,4.4104995598725605
94716.54150051062,59.09184772760794,6.592476258182068,4.441251693142694
94513.51977293742,53.45108702174468,5.850784159279854,4.311011326613864
94305.82050529686,58.87741046972595,6.759885964921367,4.42250790799646
95032.40485910374,59.59773496423391,6.577076607194628,4.370961964085142
95472.03888935452,59.29366620428225,6.550368534890975,4.320878788402803
95050.00204084595,55.017602035204796,5.807848388067309,4.195562866038015
95372.80322258713,54.88481433627059,6.298185708544127,4.691028420914846
94814.8212406485,56.259681170537455,6.290015484057791,4.538008603367287
94829.85539098109,61.114870208718685,7.158311226208244,4.787585260565165
95066.49115040735,59.68777887963201,7.044794943155606,4.7927154519947335
94945.58873200703,60.50217039084309,6.790814828189076,4.36817885056655
94509.08739894802,57.26921461710033,6.382890597349689,4.285025887891143
95092.84209511007,55.500209535277875,6.0402142762335345,4.4800463620252415
94396.78192870528,50.169015749989754,5.484880929744664,4.368534922463066
94749.68631073431,59.93579963979518,6.873248243077823,4.509373011275526
94479.97792644288,59.173019356425854,6.995030132726109,4.932249899416926
95083.80715124373,57.844843327296225,6.792742357392229,4.5529572209846565
94837.46102703753,56.88399053535922,6.322630318943894,4.306882282810387
94813.6460172547,57.200443238988726,6.568873028312213,4.579205857101853
94885.05130893186,56.59717173527726,6.482040170748598,4.693795519222139
94970.5686738741,54.8764742761548,6.5095121252193415,4.670250541701833
94875.36455813932,56.30121952430464,6.484809744638844,4.631941742397879
94866.29442598346,56.83303576971643,6.465887323650776,4.6051796875913595
94805.2328262706,60.73852637444485,7.129634112411708,4.758979627302807
94881.90398209775,51.41321548545999,5.926806105177908,4.857287611403436
94983.43555262583,60.795531889817745,7.14636840469216,4.814544293966298
95013.65736001047,54.98274956891609,6.305580427692176,4.40834854575142
94570.04596786728,58.745421028542765,6.282116023657378,4.334441230243417
95208.53279633759,60.5987775978581,6.905842371964447,4.5735532054126615
94904.38525687958,55.45293931976914,6.213387463761268,4.402635187701752
94809.5885470749,53.97403237380474,6.067752974668152,4.636728103483203
94825.10673680878,56.654708090273466,6.348373671599816,4.47890006911035
95239.58806170987,60.54276311620208,6.767292019820579,4.7035675626643645
94992.22090402975,56.460454375868885,6.428528840337583,4.38875487089313
94766.34446669248,60.96974265476906,7.214912785624863,4.787622971056053
94663.74369946116,57.9811597141188,6.980844139083045,4.780231702811982
94589.95622449582,60.719978021713835,7.169428137211944,4.877563168947587
94657.09862217923,61.046086363002985,6.86801951124801,4.640517936360457
94617.39026791617,61.64307361626003,6.947004256804188,4.49739215771766
94967.71727969125,56.12568748946328,6.29222081655048,4.5301039342042495
94694.58195447124,57.3243385190413,6.3363043319369,4.411917906054531
95006.4006190216,55.19401858143343,6.442993018642653,4.801334874484615
95013.14390098596,59.19489660565628,6.670784944927655,4.408154977000543
94775.20218670946,58.40729049228199,6.253056053871178,4.209369433430018
95126.23002227308,59.87878607407442,7.046453593407185,4.564311758960168
94677.29143940516,57.54693609163195,6.665427195750265,4.702997185068462
94564.2545780055,58.56171839513216,6.669012964855723,4.497278121307548
94761.57312202828,57.67632062250606,6.97426397510194,5.185765262042093
94676.68334182695,58.25678376954072,6.707334729450855,4.504969940101125
94999.40892816971,51.725323070333644,5.880073999938452,4.4389759812276495
95111.66650449902,57.097742818521034,6.7377242952525025,4.8120715186483105
94858.47131635163,60.44954241276142,6.697915461094198,4.421392613726534
94884.76075067549,59.736971138111365,7.040306308075632,4.6380646938888
94260.37597425703,58.17503725117363,6.678710755638115,4.551097565462704
94597.88199484229,58.943785787163776,6.857835867713657,4.565640762672237
95073.22275556394,58.894441101778355,6.824174240821746,4.7353879919491755
94293.95997374911,51.85216540111466,6.2255583819824265,4.83822697318322
94734.28448485365,60.407238078789106,6.887433730500117,4.373782710429664
94934.98971783905,59.25689463238543,6.8523474779131135,4.370701346381339
95023.86950731219,61.333033235717956,7.378497492614923,4.935932891245218
94934.82148898745,55.45263993667604,6.2502964252763045,4.354165189007396
94966.618351421,57.89162653658786,6.504657531317088,4.563360738674102
95235.80786895493,55.328644997705474,5.911907808449945,4.219540112209966
95022.89694193103,57.24940330671796,6.430530572995397,4.396299778380844
94591.45378527952,60.048951794819175,6.773981226016181,4.2893015888791295
94748.09898688334,55.78809849763774,6.432201915595253,4.821426500684045
94970.34338878201,58.900005631898054,6.866605224476722,4.507640414632296
94801.67139631919,62.96124281478864,7.120036191383398,4.592150588743553
94844.17990097421,56.90067959894121,6.154373802914344,4.084651535960721
94979.48136502756,59.08555921646093,6.688453774984885,4.344932173692638
95133.63051384084,58.73073385706932,6.7755800650831,4.607056046599771
95252.69050226438,58.85214165896703,6.507464709833125,4.622653699312237
94909.79626092216,52.963922625552605,5.844780333454803,4.425466154072625
95236.64153626458,56.38605111653675,6.689279894912117,4.694528661128986
95103.60771630457,58.98053908148764,6.60478965798396,4.267991547932337
94993.0138764826,57.74479308883286,6.344624919569305,4.247756959943796
94720.61260655802,57.82459854985767,6.6699514266009485,4.489672682912428
94452.22368682527,62.6164404785585,7.059494286074859,4.620977677821971
95073.02085185862,55.10025538908228,6.1375401458791545,4.427156420465988
94684.7635052896,58.80585347085388,6.848370646115044,4.488864472039309
94621.26489510296,57.981673849600256,6.600495671210794,4.398544682933177
94846.14618565876,59.285001285446405,6.623008847450125,4.4661068341765615
94834.49064718302,60.6122307646374,7.120222803350728,4.603037429795041
95100.85055917241,60.888492873715954,6.820971959849588,4.7082635599444265
94746.39092274231,60.94052826027891,7.231762627048099,4.664862651601303
94639.13372449913,55.285805628680485,6.082919505224299,4.351019666013144
95384.38539947713,56.42441983847796,6.399582137584892,4.813140577397348
94955.0247239622,52.663821795899494,5.963410074453122,4.6582203781223
95217.8710909394,58.19782843523816,6.454170160431185,4.345418855229
95154.33722553684,57.30601861792322,6.529581234809045,4.628919621891751
95163.45000282765,59.73440309252298,6.588530383143426,4.529460567247311
94874.94490083816,62.59775867549862,7.082123285728488,4.687072285897363
94844.25691916262,57.25026400084987,6.564664659134439,4.426890586921324
94809.9370739582,59.33381605117177,6.466769930000943,4.242809548582149
94458.99777690312,59.85740340204815,6.547108310056039,4.472246276109445
94513.09541290217,56.26473775558577,6.4828564099965105,4.391618459725029
95012.21255636594,59.60195070460644,6.55092824742995,4.594162933279484
94575.02822855559,50.639071923189626,5.649105417730767,4.485960219224119
95512.13496155306,60.45628756140202,6.859118435963441,4.745824724433358
94842.23697722261,57.09299870654778,6.2709108429603235,4.572598910772849
95430.14901843712,52.14395009161207,5.835769849065704,4.561864498571411
95279.62295945753,58.16357344497326,6.450325755276229,4.372231530946117
94672.46061046001,52.88842999660636,5.68789378791381,4.257866766432804
95322.97679556483,58.057556309727666,6.732870789982646,4.757717112073607
94889.52010927291,54.18420647536345,6.112738551751271,4.287241648975119
95036.0110496208,59.00114402218309,6.6746187171722395,4.8041940504601115
94529.35702710728,57.36181348328024,6.54592547671615,4.525800053389011
94622.89837306866,55.195117047041684,6.163580520969959,4.4709662342943695
94447.43825970285,60.82380870073208,6.90339182496042,4.359562943189789
94834.85324277417,49.69886747977652,5.403395216459439,4.42255417148919
94610.27362257923,55.19479095533371,6.323829916739252,4.681584689554733
94938.75269230553,55.12427132773924,6.090193763120713,4.54045467498212
94859.60590098088,47.967110359192844,5.161274750444654,4.456958536045436
94982.66409594392,52.69969667650714,6.002866036933141,4.713143933382442
94754.08266551465,54.30745438017201,5.9505227019548,4.575270819344991
95284.24724313282,58.62045242165874,6.595306444438421,4.64812284472149
93902.15969063481,61.55939768481262,7.083843109585241,4.447823692904191
94788.54131661281,62.409017294522464,6.917561642937576,4.273292071391965
94741.97968043487,59.05174257908559,6.926328957104845,4.918731167245898
94856.22159134057,54.79952110132974,6.239988836684975,4.625749747465797
95097.27081562106,51.467345919358976,5.849212415438918,4.802154789206239
94571.07525904814,50.97899672096312,5.811087276707173,4.690927184213554
94994.95423085826,57.057262337006925,6.2366408579227235,4.423938884580569
95108.23758133585,58.189342079513146,6.517780463631732,4.516176565878692
94955.81549386482,59.805420948457915,6.956236364817806,4.633640610252093
94968.7631594191,57.69919123149184,6.571636239679897,4.4994574340731255
95076.21804946006,63.96179669538273,6.763895809712624,4.406978609760918
94803.2809336281,60.86798369301797,6.8380789069207975,4.562510970862603
95187.64323487575,53.32960022360169,5.904138605958143,4.411707330926397
94361.98595118544,55.05500663573317,6.172621756262617,4.361808718594809
94432.21541973655,58.139365552091355,6.56348050141949,4.364326134844316
94551.65146406497,60.05524514188866,7.1231314796459415,4.941629286545854
94776.59113436422,55.919272749918285,6.384219198837075,4.653300421147145
95240.75203524942,61.061891278149545,7.07539927705841,4.823144257670145
94902.149321652,60.91088255565491,6.981622621791342,4.662868088166546
95206.83473788202,61.40179410075242,7.244991978422954,4.814001525008587
94695.2885101839,53.89005369423142,6.0658931888730905,4.467150252048089
95138.95780931227,54.72544532274924,6.392762449163343,4.89547876035376
94615.02952636192,54.90244642689511,6.312912391759798,4.5761787870291
94815.09721738266,61.92195836084472,6.978247722932173,4.55781272644598
94856.56158746801,60.39876826053077,6.730654552010137,4.375376256191977
94945.12633835974,60.67525999307984,6.986119223914721,4.6504211138369245
94972.56586925454,56.97643071048873,6.592941680984272,4.5908345327397075
94692.44304937689,54.69619552765877,6.401996644166169,4.781450561860493
95317.15488518367,57.840545629980994,6.310736991086937,4.293126755038191
95160.16224987198,60.4689050577893,6.7668306374145235,4.435201434357049
94652.62215924545,47.67324962120071,5.1151374732141255,4.2168274516592685
94525.28128549209,56.174478546415195,6.32998208371229,4.456701114235909
95103.07974360617,59.89969628724946,7.484603931265978,5.085167500347483
94973.9761825115,57.13174363348392,6.458425970547307,4.660549569873633
94014.63485484535,51.30374420118484,5.446046434611893,4.214076022441555
94844.90513924374,51.54879500319601,5.5848713631876965,4.3057326052889975
94978.11326286588,56.637540231720344,6.245011846516339,4.589808216292095
94801.19793740522,58.82752345921408,6.89261653649356,4.475471799126506
95148.56361611896,56.17912126109719,6.453225105477949,4.609064006175737
94720.93357486906,59.721071837252175,6.74068937269196,4.383772602307403
95292.98042534984,58.72024598940656,6.607821703988401,4.538611042184181
95550.85921747428,56.379868603407935,6.519994612298418,4.515886909258894
94880.28921961582,57.637362245516194,6.684992146987114,4.605945024647653
94730.95649752575,60.42020159538763,6.687117616223417,4.447921570990246
95349.82032916724,57.6458311631619,6.612549938035784,4.855556616982875
94959.693822916,55.1486657784747,6.108740111871731,4.578799084188465
94935.38564788068,59.168805512759704,6.585552174096664,4.361777750950493
95261.0765322252,58.634134471054935,6.635713069882978,4.5919874885566765
94898.72883351447,59.99945229247677,6.729506004077361,4.36922800708849
95057.9169211297,54.12977450342524,6.271268778442896,4.931770014912528
94948.34259871623,55.124782236488564,6.0593062109456755,4.494963771678295
94587.08151541393,52.59248792650114,6.025391805008029,4.541138092153496
94809.0366056031,63.98426183261422,7.362427521821338,4.491087175722646
94497.44399594166,60.854940879549765,6.848175407091061,4.535119696370795
94781.3581348896,59.500409903205664,6.506174855464984,4.3150939507108514
94958.63081078159,59.76097197181478,6.605903208141602,4.114731414223478
95080.6228646724,59.08288960354021,6.841352489487629,4.850611091271219
95007.18743653489,58.781223209941885,6.728516850350614,4.5492886527832
94835.02212050658,58.066400494533355,6.400007229204884,4.6046815424118615
94951.5580597785,57.37999908091626,6.416569618403985,4.582821727546309
94495.39782776273,56.13439640757729,6.380650960213127,4.457742752225811
94769.17145240355,60.99702538285302,7.041025709971953,4.917157425922599
95005.3793210885,54.11846814136912,6.003357246289194,4.331862320830731
94826.52748283578,53.11318328580725,5.98162805897759,4.486628546753432
94948.41856127228,53.20115300418667,6.24929685816268,4.784820237863691
95190.5520471982,54.87786987039474,6.135267835039746,4.326617649619856
94693.46003903662,55.900641389432465,6.53738333024489,4.65480034454031
94950.70292714071,60.175269325862715,6.981210350443301,4.648274357280473
95127.94800450021,55.733956024383204,6.372146112953102,4.791935630240539
94903.95040097166,52.301618420329525,5.890399253085694,4.638961110368715
94941.04157925198,57.635832432936716,7.060538753501444,4.922730146452906
94937.53035977643,55.594028641794594,6.447119216730354,4.704350837435694
94895.84064601663,57.50042716907036,6.442340291812828,4.6267459002310485
94971.36191230852,49.41840221070359,5.530109880886143,4.671842871541561
95088.24181203374,59.151522439852194,7.162955978943358,4.653973577581192
94622.68705589497,59.25623948638697,6.492254167154622,4.36441464508495
94986.67547351692,60.304527652798185,6.878825978416519,4.605363552630717
94687.1039146032,56.98820658986606,6.368530671735329,4.542625382029191
94519.59174838325,57.05285105459912,6.351515696639656,4.2000753879937065
94599.57940319506,61.20070898917853,6.743967584369771,4.279231157588668
95152.24736880814,55.374098456853716,6.400417916564005,4.684960065957293
95025.03533514575,56.73763893505943,6.398288381969896,4.425294710524582
94913.68269431284,56.88394176994031,6.510273825931966,4.200016266985139
94487.71488165994,60.243969107008176,6.692931876736274,4.513693095007309
94905.92286943943,58.72226702995082,6.9045041175295045,4.787324093869039
94531.51857573149,53.507068646182965,5.88391521243961,4.542421525755603
94744.96477405675,49.67313105832883,5.592196291894849,4.743915066545271
94994.99842434586,58.54664061143797,6.772906580729898,4.80284243626793
94732.4169010976,58.16417814012005,6.344324435653364,4.406131673323811
95165.93282933906,57.31724627043331,6.356223633321705,4.275790214520941
94883.36208682625,60.00227429348428,6.814532392365668,4.583762660313985
94718.21711298681,55.95499004530374,6.02943900771898,4.115951811422075
94788.8433399851,54.08796381559381,6.215656826658692,4.576111045567024
95107.5115625911,58.04042951890087,6.727811402974908,4.875033324743412
94705.22973386846,56.70189954719408,6.145289585523854,4.259226506186263
95207.67523548212,56.83208448600721,6.332991437747677,4.467190985511298
94704.281322106,60.91120394264472,6.947508412410408,4.5412331889812965
94685.94925852591,59.30659311570679,6.733116016016141,4.6023298898307115
94784.63331338146,58.32821403335143,6.6616429011692375,4.347950617627304
94581.37574853863,56.421860274465246,6.467725896774123,4.567501682737011
95095.07686164226,62.74388301840576,6.9713863962792715,4.558049955066378
94781.18776235008,57.65704888198385,6.263759433962757,4.421464107514978
94918.71514643758,60.561485270193856,7.245420746312973,4.901673986720035
95004.3261023442,52.85399706261481,6.0738385942330195,4.681586824757433
95157.87007068653,59.156297567660765,6.879216394393662,4.657594114206569
94898.49849578185,55.4828167511744,6.396081797754678,4.791052871012296
94707.55432998174,62.82862584355224,7.211064022007157,4.508275142128733
94806.55111798781,60.223526861675055,7.2797779793194755,4.863685286647045
94770.49889435945,63.52304036875011,6.882768794487344,4.513806049487883
94888.19217336571,59.79655838694505,6.567567001973562,4.435627500734961
95302.11846701399,61.13429162425195,6.87803838332164,4.645673475670684
94879.40782712538,56.02241869664839,6.260761264947813,4.360111888791033
95114.30621991474,57.84121141391419,6.77837663447173,4.740744831086321
94553.46582209373,61.264483901963615,6.950741529533406,4.509722602050241
94873.90148989036,55.870148457761346,6.274841198638956,4.669904964945145
94585.15075720675,59.245066092740416,7.015298948595454,4.786957883086977
94935.07567130281,58.261733252570956,6.709588019021653,4.49598347500459
94883.65434696221,53.56280412054043,5.98654615368415,4.414033611011089
94679.6931263551,57.648175479856434,6.622701140091013,4.623539742339218
95073.27501846613,65.08420924543923,7.464921504854722,4.513005998009793
94689.81807589158,59.89099055035568,6.616595179354404,4.451935060866544
94897.73762354517,57.85356841833111,6.3022986246005015,4.250475465249278
94411.11454707873,57.50265712241629,6.437149442260694,4.517522759644653
95017.69352567788,57.140716496346435,6.66529895385326,4.616488433758404
94532.10573022431,57.8757736871063,6.448040989483371,4.413894518717921
94709.46847656589,58.30286439447221,7.100208656330131,4.836060185930629
94452.49828248609,57.7231300763649,6.273197707781111,4.360674121705027
94693.97073349178,57.51282235616586,6.159031520069058,4.430373546560658
94844.27907696445,52.37813383383017,5.847137823667657,4.519070019793904
94376.56094988216,59.78361169349367,6.590581492636575,4.38288742536159
94730.23715637231,57.9835283316451,6.4129591059738065,4.110320289602487
95227.15946605912,60.52501870125042,6.830631929248668,4.49519946871413
94535.64331260494,46.632916135544555,4.846865910138443,4.268845791712442
94548.31769793769,57.92379049155794,6.611832736945485,4.321083669056944
94981.1054466476,58.39436859780021,6.763709758436039,4.515979840947657
94873.68801596119,61.39531562862191,6.811131654220119,4.373012237177055
95142.95436858112,60.861668126123945,7.056181141709289,4.879000426017045
94763.729488084,60.2705544399793,6.556200578935042,4.127695278231387
95107.09598631987,57.37679656953901,6.274054966511846,4.552022971268069
95004.84068033705,56.18216192164871,6.56738227192492,4.833799657798433
95354.09402684672,58.42535178385127,6.683272016143415,4.452363150990807
94986.24265747989,58.615391815733915,6.808989681988985,4.812989143477991
94618.67922501786,54.96765442748568,6.189733901372193,4.4878675111161686
95173.4390408447,57.034255070861605,6.328814663358003,4.156775025544199
95064.34050911735,58.777618750535105,6.572078104347108,4.423285979691498
94573.08083672731,56.27089205404084,6.138729657077464,4.591934331348857
95082.80504241651,58.2715859957412,6.749642860260942,4.632688012089556
95139.59636956795,55.26103008178362,6.045496117482256,4.54090283140741
95253.388382294,55.78996393085133,6.150904926861187,4.384132332908508
95285.55402174286,60.31679272166687,6.686777443833491,4.4339596277645015
95324.20828732564,59.50388968295413,6.896385369723514,4.691194118168337
94704.3538198625,62.23246531771344,7.312831616108374,4.650505502046829
94892.56149317297,62.42623779701167,7.061416050733754,4.534348579506292
94754.3572494835,56.15889577421033,6.50183238341685,4.617340420939481
94695.70854831554,56.57974642146466,6.484569246350778,4.541047010529232
95069.95872412251,58.67184078469455,6.594708788848545,4.471689415799085
94705.95885647544,55.26674310113913,6.317115717282303,4.738116849892864
94911.3695352153,52.58107077599509,6.222651531286855,4.748155125567362
94730.90856999265,58.63491116704036,6.620230818349527,4.437720647358173
94817.65007958065,55.841941683547006,6.245899011211489,4.421569253534556
94788.27834041226,59.5056987901527,6.718364792953104,4.505278309685549
94770.7965930497,62.4867398191222,7.092135997588001,4.612344522743165
95011.62171380478,60.26579615200841,7.1742737382529,4.914683532664662
95001.26768419651,56.28141879964515,6.196837603514455,4.3892013819410485
94830.04056626311,55.941858773925276,6.294431148921623,4.522862359584868
94732.49838461,48.27886937839527,5.41039531349932,4.579362710955839
94936.537292582,59.98862210547909,7.180835622468243,4.813923587608396
94976.00138389769,56.884246810758384,6.30529366517404,4.379564505907036
94979.59380534194,59.452669030840504,6.731935210216727,4.572685350421747
94938.25796100467,57.0434827709847,6.601655889334414,4.6673374953395745
94636.92826339568,55.08128588944395,6.2038747211996075,4.520567909639921
95057.18798109972,59.37940373357983,6.483574366742577,4.4980927544820455
94758.8772100995,56.629574670368584,6.415658010496365,4.285341458614087
95039.10436582619,56.24719093837471,6.361341659418044,4.597389683762832
95279.156368899,56.022288736294094,6.4548252122004115,4.710009298490803
95291.67047309031,59.618941551152695,6.909468392666847,4.659600601592561
94918.29531985632,56.745312305651375,6.19919374619496,4.202500118797598
94696.36356527872,55.12067197329664,6.171798216209245,4.483101427081563
94969.02145239287,62.95800613682602,7.5166627985009535,4.8313617740392605
94736.97873021102,55.49858951392156,6.2532085813021885,4.436651770077344
94758.10683902001,58.52158761926352,6.577005877726554,4.389960169199479
95263.13011699973,58.69895532007988,6.91271687410989,4.98012509592477
94979.81482494234,56.77810260767381,6.266021756785769,4.1222288091631585
94941.87788036506,59.979093156576646,6.759386394449274,4.27532874165241
94471.49025011016,55.657787670573704,6.222317853598032,4.622830007062485
95346.0758606979,57.85885400085137,6.9259435104724,4.817361197579763
94625.37622871915,54.04611662738728,6.006696148545911,4.462174593799606
95167.55165254863,60.01089910179761,6.831157786809923,4.755979669854782
94948.09137493417,57.84933441686734,6.555253231415347,4.267524961931129
94939.36577034232,58.76335631401883,6.539472855485478,4.342391118736759
94832.67732721243,59.562057148179285,6.7479528804203595,4.461355747144773
94880.37767724795,58.60758099539919,6.859402401723549,4.760261127102147
95311.93203493016,55.48269720455619,6.3431722342543075,4.304648368114639
94645.61647832811,61.362587140948456,7.054186961463407,4.6650838891070885
94865.73302125494,59.903362052723885,6.477834822793526,4.226101466909086
94990.28184455936,59.57206659525973,6.868342254377389,4.786974897903056
94816.64248101233,59.627343825530666,6.867939221071449,4.613300385211969
95529.62194273583,58.31473410292993,6.370288929596423,4.415410671192477
94879.53252477288,58.83343024046006,6.484769915055334,4.371171651241599
94492.12818028571,59.15122513661693,6.383634832679119,4.109252245200012
94862.75481739517,60.63934965094822,6.90892521169083,4.414877052409293
95316.74520953314,59.15256106294876,6.855101505266554,4.491419393264228
95255.76935273169,62.11499442774099,7.124519745664906,4.561879094659299
94746.94307129955,59.27681009155294,6.822092902265723,4.521545024745547
94943.9914886547,58.48404781097044,6.787555980521602,4.626639148062349
94874.55252632964,56.661210346884545,6.407215644111297,4.520563318447159
94450.4563132536,56.020555252693676,6.138343354210617,4.214047065489449
94640.77984079091,59.50302408074126,6.716403107778152,4.781570977691375
94631.94288879972,62.45188792386311,7.001354856480605,4.315699906227986
94811.29029406403,60.14563101174083,6.870954780307417,4.541077503692202
95266.97326453523,55.93746220187755,6.020267943804654,4.250629081265039
94789.09196383721,59.98310867720287,7.028758767223616,4.606590348075291
94484.08984848944,57.616005998812454,6.390249339124612,4.586789705035769
94999.13077688249,57.32207929856558,6.441331677744059,4.517044765321472
95068.67782624357,51.2939414364334,5.7574796534990975,4.48007174990038
94481.52657630827,57.44791993198244,6.554829013194061,4.606946616051106
94569.0574347444,56.470616664644425,6.356302745356851,4.7957685269302
95028.95563646291,53.67634073143124,6.167405745440718,4.692229531246513
94914.18689055135,55.657731634406495,6.194028113985588,4.432732674994572
94919.84091077695,54.68805750888504,5.791675506234078,3.990674166729741
94979.75945073323,61.06665100411865,6.967174707419533,4.536605345510236
94795.04700524802,58.73242670809327,6.381208683161144,4.2534559433265775
94593.59242420844,59.097748763594396,6.890128933650246,4.5727513140055365
94725.84975329846,58.817707600518,6.679890296720009,4.240387093552137
95336.61277817808,49.62167157841313,5.515867496668245,4.581606948486806
94840.1966822198,59.477458774655375,6.9581176481124825,4.683240339906182
95061.1973023799,56.36442069474632,6.264490378590964,4.4413067374452835
94674.00369959012,59.83427045219137,6.890598310731661,4.683274058910302
95358.07344488126,56.62951958126595,6.350996186371721,4.387740561007997
94738.65610384158,60.4231569487043,6.724075029994633,4.313222493736282
94906.78178907458,57.94908930367148,6.263935354090864,4.1531982817715765
95520.46118888086,51.29798224861687,5.545545981677122,4.280832534580069
94752.17342885176,54.87698846677107,5.949736355385116,4.338498626226749
95117.83105309955,56.341994223971355,5.924768502315203,4.29267984969885
94990.93931403941,54.227318578166546,6.043889485797963,4.407398920033814
94538.57688416222,60.65543575048764,7.2605818793412435,4.7696656860833215
95180.0305808325,57.18849374186299,6.4953396909005345,4.702391812892426
94816.66816279522,56.76657898361826,6.418819218916427,4.333484079976133
95184.60094184335,58.52157215330973,6.396070007324626,4.471114759160423
94638.45499768863,56.56481013645859,6.377885983056152,4.4163592461407415
94799.01896240636,59.63348118420924,6.619425022219694,4.377929730747387
95074.47903469193,54.15493524883042,6.310178034330109,4.62127657449983
94855.15377031735,54.824607455451755,6.434218089548931,4.780469273378028
94891.42046519056,60.22131256799521,6.645496579861277,4.340850205640302
94865.84476619729,58.52653611824343,6.8810625656908355,4.627659870984897
94924.42184054921,59.232959716808814,6.426256225727581,4.121796128559717
94670.17678452162,57.16200154439187,6.175206452716133,4.49632737974612
95021.60008327513,54.40661179327334,6.301315669367307,4.503139052679773
95545.418147406,57.802850706438726,6.48879011486497,4.551985044473223
94816.32064944512,63.38807807187511,7.189004627523097,4.466990846795609
94663.0566490211,50.50427241341904,5.370043907014494,4.505026249331749
94637.34169165231,59.64795813087999,6.691811549360787,4.621173469129469
94901.15594483104,57.290928766003034,6.648726511799826,4.626453234318228
95024.4814832986,55.603544517766096,6.2539783833098355,4.480056022016499
94376.52128025724,60.619244869790435,6.620648882789231,4.360143074120633
94586.19178831787,51.62188642456436,5.713797872587117,4.5370589509147585
95135.42702376966,55.59475096939505,6.381237346106768,4.543998279295794
94569.61343050856,53.815033106260195,6.29723563398048,4.663637918538245
94589.28459014678,58.541021914589784,6.392006844966851,4.4903408633247
94879.14628554459,61.883615894379446,7.123259959983324,4.581532990895881
94950.78356076103,56.04155631129758,6.319895320182239,4.491606736574432
95278.64796526833,57.05075784229071,6.386113854126743,4.592854920335351
95226.79898334561,57.53615287054533,6.414970452755772,4.3945214433337805
94904.1929859087,56.92498679779638,6.710409858667755,4.682550294710015
95107.22779246913,50.74331900419494,5.216027607864543,4.163558243716461
94534.72343450184,56.48273392985436,6.541911262632309,4.716700472077515
95160.0441374218,60.45064031696277,6.708175522131441,4.315930675632751
94887.97122361547,59.954335632225046,6.49030155177585,4.154815105534071
94988.81161012617,57.28612675776345,6.67683222996701,4.690974087397273
94780.26962650473,57.95649176040462,6.73090172245019,4.52804197426622
95019.71173475,60.791748714821125,6.610076522705767,4.432888394408336
94979.16921863364,57.81086522562528,6.901479917553774,4.9782817777398085
94967.49331480355,58.268319138486305,6.821449494263954,4.719247540452906
94796.46168540686,59.415643713856205,6.831345535545153,4.615403477151831
95076.12660620968,58.449474970149694,6.882250220752679,4.772706515865183
94505.73385776352,60.535820469573004,6.790302804709057,4.416436933380447
94768.28473307833,54.5070247224157,6.390603618959755,4.874852497659847
94793.98937422498,56.14068257082811,6.321022838132985,4.596537882697729
95095.66941854871,56.897145905772376,6.395414472605463,4.436085176919714
95247.85781064328,57.12053848947018,6.578108728980404,4.744368952042001
94603.38364958618,57.902941794106475,6.784913505943965,4.667004416734939
94770.68881634514,61.19173172717752,6.8461007326514425,4.082507505414346
94332.55297096333,56.5739565928197,6.3934652265509335,4.5208208420014975
95138.33971992426,62.61106535343351,7.38682975113016,4.982240190070803
94298.56234901164,58.753573650782684,7.22291877546548,4.978784536494815
94812.47300974609,56.14261243732069,6.428716871263472,4.5389680019532
94976.53557897423,56.70594095057416,6.377957330399533,4.700831810953421
95024.96396043827,58.742801255214374,6.6085935321766,4.485365698677811
94610.9158443257,57.25231875456362,6.581608175464035,4.504064805822168
94752.75468256613,62.63029778676536,6.980354253638095,4.480293905931359
94920.62449316119,63.89266326944853,7.314017650579385,4.583384214337007
94880.45341651734,57.40069829793453,6.477850657006138,4.53962444848524
95114.69183580542,52.9044719762616,5.860281209655245,4.499643887835078
94782.6085675021,58.28349009136585,6.481535739408366,4.5726883963355025
94670.1980158422,56.859354098027154,6.004233068438565,4.407019591304723
94759.83886872763,50.25161680138419,5.605589350245164,4.237481429298
94557.81657228955,57.277671871547156,6.379912397403595,4.479760475707637
94739.11829769892,58.619484074238066,6.6335506284290044,4.525995910094014
95380.89213159044,57.098753529579845,6.6310208418076515,4.616303299293619
94762.68052002252,58.24042878464713,6.576606982148683,4.5421033059049885
94275.05244103249,55.26493346999489,5.818210652759455,4.086695619652641
95001.8126616086,54.30362482320449,6.035307308799099,4.528583329721255
94652.8337190137,56.5098752542148,6.516361327279474,4.824446834003836
94405.3765322219,48.43667627767108,5.108970675610598,4.284473568425463
95249.35731040104,58.598679377951825,6.798780414952611,4.63307385833314
94868.27789004415,54.35567180130358,5.9274996428301066,4.235682108704501
95029.93979655979,53.42177109628422,5.965052295005851,4.6821125041648886
94833.37422799868,55.86061230679606,6.361489266332062,4.4791872455141934
94637.88147045294,58.96648976646288,6.522107352808991,4.394514957311719
94922.82064680551,53.12287400570839,6.076605648809524,4.5630499276979695
94813.51907216774,59.16757229788261,6.667628658120389,4.591257523648268
94728.8587411527,58.03643376817365,6.650126958994581,4.389804283838524
95233.45203326055,57.534454901373074,6.700055641107785,4.620691607910954
94326.81155197257,60.04693475521877,6.620171931038471,4.339343582711776
95103.84562304459,57.378912285355376,6.745784963382061,4.780750696921066
95217.2756196716,58.68858059974947,6.558462599958841,4.42766456736092
94501.20806704383,61.320228854563574,6.928391125901638,4.419804160973011
95106.85803732429,58.64432843075343,6.3279116942382005,4.334300592354624
94868.70216433331,57.52311627819847,6.985863986201476,4.807336843425003
94668.51491546852,58.96950525091512,6.216443842099909,4.0811101116773685
95504.88636899745,58.97736002140879,6.994530368771624,4.6292512734049955
95016.13925530524,59.64621585901221,6.68198681850604,4.276786780417413
94709.98174078789,59.85116574829807,7.236778283135868,4.842592869756794
95074.39624376455,57.52687713224125,6.650860557653033,4.528925981750388
95075.26559677847,59.5020453418844,6.866716399163599,4.729162163161436
94505.07999659538,55.54657109317832,6.123128226454725,4.38052472010225
95133.96995534604,57.614830549572055,6.699416162995039,4.504938450326522
94986.25554796663,59.50800575311089,6.579369730320731,4.4772106530337545
94414.98813154011,55.15850008283241,6.3351227667035905,4.607519616802242
94906.04297098868,62.242518151538945,7.8225215455382004,5.223857703604183
95045.28206918176,56.7227971713858,6.296582243605014,4.32369391261328
94969.72435509916,59.70295844613666,7.017836059649913,4.758337160638684
94516.54835330193,56.31785797499824,6.357321357327349,4.643012788448498
94828.28586434557,62.51009210421656,7.03810852869537,4.592763611308781
94806.95853582896,56.16771716731369,6.584926437833175,4.726505370076891
95226.24528090449,58.77134056809458,7.160876223218291,5.156355029561948
94939.05904997468,56.70030802429246,6.464803429523949,4.532133331152431
94410.68107897986,59.61767733774035,6.9573931868047545,4.568397287390315
94974.28246037349,60.81723119764573,6.733645493156239,4.418147870958761
94829.9153197137,56.69183678730374,6.203121769459725,4.4881774926091484
94720.17303452433,57.323704230120214,6.24174508273456,4.419225153582821
95273.01492718309,56.09764830868513,6.680069997979754,4.85511451367401
95178.19687848761,59.72670256822297,6.677773440334764,4.629297616307422
95070.00806097685,54.60545210998449,6.261198004328906,4.812763429772482
94665.46904705217,56.6295777011507,6.206010354842129,4.253225202761861
94855.39292386225,54.649626126545975,6.089217845417697,4.483343275050961
94705.12610976495,56.326662075043565,6.346191871127818,4.538949643549382
94993.14813145969,58.04563060387117,6.594397386677218,4.460714162444046
95140.64106116112,59.54947670292765,6.2980848382257015,4.194915845743276
94766.34057179283,58.17153793994524,6.539026306327963,4.437400004940705
94582.26613680137,58.26614577947821,6.509746947817071,4.319277692332412
94837.345371521,58.081815389451535,6.579491904481106,4.3569769879996825
94865.00635883579,54.3601476032249,6.018113491719428,4.4960318250638185
94827.74561498061,57.115943039653615,6.625478315786229,4.6363712581948775
94459.4237973534,59.889921747351806,6.815021343081655,4.564431199400171
94992.1042777071,62.853077890511095,6.994731002847871,4.427734709011734
95084.22073913818,55.024370033186194,6.0060212054890805,4.030046365911213
94705.17176688848,58.11505843076199,6.870968324898145,4.802984830737932
94716.91347502505,58.080877922335375,6.7905020934521465,4.484027704869293
94606.4993169182,57.136570866096854,6.19122428404349,4.245392231315265
94677.823365713,59.840032618920546,7.024974899723938,4.760971918934153
95003.66663029081,61.744238557736594,7.160331272044816,4.664621942755026
94993.8272059875,59.066856897003206,6.644690350206378,4.329995897394664
95074.01976984706,58.57612685028261,6.709228587933173,4.784639811300733
94593.19776804335,54.59207918957105,6.032129763828289,4.258264782404367
94802.53957075381,62.979694183785064,7.014457032626609,4.441236178449505
94915.75363966882,61.23830870685617,6.536139883272354,4.139068375798177
94582.91029204728,61.547668662183376,7.013572959168144,4.576309472039904
94840.87589331945,58.84878875393113,6.4973868268581585,4.290886908075861
95042.02886067472,50.522968482194315,5.753819175440718,4.498656257761038
94932.44149205677,50.834099747128455,5.846744895919657,4.673603430934867
94725.24671409048,61.138160535069325,7.056231394371804,4.65003816685915
94972.06468075582,56.348624944468746,6.121737754491034,4.402309125805939
94718.50078781281,52.717981941021655,6.271271652163295,4.8833225593142835
94597.63728381366,54.283099819263334,5.903642889891796,4.353736197083112
94447.05090012655,54.95847354355151,6.053120158338019,4.438650089201037
95043.5690451563,54.18689094650586,5.828772923383583,4.225441518551476
94619.62672811368,59.76977961742283,7.3256466570637775,5.181772803754553
95054.35737797343,62.23721034219122,7.085513128208927,4.492667412984913
94784.81480956568,58.92815776088463,6.550921604762876,4.427881944045944
94648.0846171946,56.068503119536274,5.792487718653355,4.133021123741197
94985.99244872908,54.19480074732989,6.218301339260777,4.6046784938362375
94674.30599885451,56.98680343772805,6.569092047240104,4.521335911396779
94909.12838574495,59.492496554601615,6.6945413452435645,4.659631004008467
94901.88916840349,59.646080895413185,6.8176842666324635,4.646111807239035
94880.34314173237,54.177997352243914,6.075595373253686,4.37722944432715
94715.39821748894,55.079823230049364,6.244599252206516,4.714963209475801
95269.1811888757,56.62708458407249,6.476674534994536,4.5692388750971995
95093.43478000819,53.640637761242715,6.11891295155282,4.277790069544267
94790.11454822014,59.18590194701719,6.827347077142843,4.60234845531655
94943.78877322927,64.09254580971015,7.82537491997305,5.103925903486745
94818.79540762583,50.81017699251363,5.5122294240512275,4.408282333978564
95086.89795464519,57.757394034246865,6.248524328260683,4.287254603957139
94636.55070875591,53.87264164563401,5.559217104475857,4.140443853303352
94745.27744013115,56.557232767876265,6.521244202906929,4.475875676976554
94915.07548627512,61.20445984568161,7.107998866930972,4.640916673182201
94868.73683453297,57.09708529154528,6.61966718608904,4.639708949023181
94546.6247145587,54.84377262758386,5.686696774720668,4.096281235618478
94849.6879943814,52.12934067520513,6.050293399186225,4.82835692517863
94691.45322449876,59.239183693541165,6.651297442626938,4.44879325238941
94974.64157540712,50.89237917086671,5.893629424786194,4.761997584026316
94567.7575517482,56.85472625745743,6.474425921160166,4.579067401174269
94992.44312356449,56.13160700812921,6.1203572332056435,4.369689469435794
94439.6361673944,57.18313417909373,6.807896940207057,4.7016502477705515
94792.36173753714,59.92706899895065,6.787824837709819,4.475919775813459
95008.85652524454,61.13837254836543,7.103206452958031,4.841003967686321
94760.41362364533,58.194840544340394,6.541934185665835,4.644250299650355
95262.16194281372,62.484857852324104,7.1195443109228025,4.568368547118749
94687.23714756315,56.01779419763121,6.204019572058606,4.492485173200675
95276.64066327362,60.6080847842196,6.992707010687153,4.896506525871675
95063.40455890319,55.52086441875042,6.3679908021006035,4.735698678878634
94610.93820491026,57.22551185274517,6.61611473629168,4.578830109377306
95117.74466224083,58.41697321165917,6.600475851886836,4.42908932432366
94934.38982683876,58.70635899163162,6.200358024709309,4.292250908775416
94623.1392604923,54.270381951421136,6.074772518174386,4.5054453791659
94902.33087988541,58.158649700060614,6.729478664635926,4.654836229988893
95242.82561208554,56.80251128238102,6.57529028813322,4.67341815223118
95135.21756214727,55.68211791577165,6.158639743727012,4.468937915705493
95212.39289031868,56.54045489244084,5.962452002760107,4.245368225464573
94852.12911915871,61.07272634349647,7.236093529996184,4.782021103930818
94684.4384044056,55.43259931813341,6.162266894584322,4.438141242494924
95155.95434299008,58.28822664524496,6.668195147751108,4.803468633397316
94874.14460253084,54.186443817888296,5.655397830928042,4.187697588390558
94722.44106852147,59.62335484851568,6.515520610341816,4.276091798224812
94888.999262413,51.8261852991392,5.573210846467521,4.221155104575401
94844.22174655044,59.11692368554353,6.690883224099612,4.459607624286186
94729.98742560693,54.67425962644978,6.185391862869084,4.459329620498081
94684.63796678517,60.775294340614664,6.967569506353791,4.7758373794848215
94457.45184392175,53.48307657370846,5.784942526747956,4.303799063652539
95025.7908290613,55.19846552451545,6.057930447942629,4.227103316066134
95040.82633267861,56.537374057924524,6.361760971766001,4.49292391725849
95001.93889678393,57.28950505011672,6.730969751999537,4.681973280281785
94731.54067844803,54.97699100476423,5.942220243435548,4.1957649383746265
95418.14967765406,63.055373730433324,7.211258456903974,4.670043504374376
94675.32317549035,57.01438972590927,6.445218512137087,4.361490628875818
95226.84519824167,56.1181828726654,6.320293560823257,4.444036868347803
95104.39158439504,59.797724397396806,6.9349324498254,4.705919243936749
95143.44851106509,55.71638337344845,6.432202331989498,4.672718367616337
94637.32156629734,60.0788159179923,6.8003249382325865,4.461228999906781
94816.26263882361,55.55036095891397,6.5266050973708944,4.647131198956413
94670.31835942203,58.92440398151058,6.67465824144382,4.7448893312236935
94643.02695740723,56.617140408840164,6.210196875274419,4.573545243926172
94807.72659942275,59.14812853263149,6.698672806497189,4.598151215699019
95062.47847797157,57.29050713318218,6.774781055698115,4.80852060816506
95001.33509808531,57.136218328138895,6.675060526977988,4.685310690844102
94651.56600069247,49.71804109386791,5.875747811589548,4.804546895602269
94729.37182861057,59.83219129534709,7.082782103096099,4.75160605675934
94829.25432291534,56.93956989627396,6.630483704558327,4.705959258442417
95149.82785428905,56.13586749164159,6.19461977739277,4.385337693742182
94874.86482786645,60.14279031002819,6.554536331203903,4.194530182995071
94569.95795712687,47.9957107738399,5.2603395663759045,4.34698219239465
94934.33244087482,56.220137079275744,6.485866553132937,4.477754742003561
95541.0987284345,56.99500124321239,6.504205970544068,4.524576217397591
95029.05414378176,55.6779677922655,6.3065155717202686,4.777211426008967
94873.64398084993,59.97582976397255,6.940041777720968,4.686573367917483
94682.09276900245,61.749616402569806,7.2536224087264785,4.680700817622495
94683.62106486023,58.91667899952221,6.754719992323559,4.365955220705183
95061.53446574033,53.95426490601373,5.9762122727823135,4.557749912052571
94927.86759057968,56.527785045849406,6.614891258045481,4.835225025237247
94885.81472296237,60.08512135019942,6.628842374588323,4.235886412023227
95211.97950984075,60.75077711163432,7.029280900043746,4.786373724093914
94877.36978650828,58.412590250578724,6.562330513665631,4.506522659640713
94679.3924546632,55.19713055896723,5.93726062749184,4.309509444259902
95283.80863906928,58.6765635910324,7.002318192921092,5.068598239956992
94546.86752864739,58.43991558248632,6.641293270121699,4.570840108518867
94488.81384911566,60.840511591192374,6.664177642770721,4.282681685867809
94665.74550364663,60.18749218343998,6.716078999956809,4.376384457013032
94765.5028467598,58.05650395193215,6.434459547570282,4.119156798897397
95045.11963582346,53.1479528689182,6.022167765634328,4.573366067337679
94620.38440344564,61.61770410773989,6.803052079830212,4.207418063195375
95140.32785539658,63.02988721959142,7.0941094264547955,4.390237018303459
94987.43622063751,58.039903415379094,6.6653449340583055,4.662168407615762
95350.26813995355,62.428488685996875,7.033421798956499,4.518129159451465
95351.81615937168,55.71276174128772,6.434979956522258,4.699228759643429
94658.52123539562,60.9945480238201,6.930614450159473,4.340605950239989
95336.38428448046,57.194732241966996,6.623931260867874,4.6503557450856725
94820.72755261137,59.330842794441,6.559389986920493,4.5686810373906654
94996.48491387918,57.7160096734368,6.550619675833082,4.353634176060127
94993.32105124553,59.18249863214478,6.516956167671582,4.154356762239273
95094.52845294896,59.34706284937248,6.543042952654282,4.3266136117476215
94493.69419123848,56.20948268766397,6.011908384864125,4.39765940179678
94869.89404644631,57.532505736581186,6.430777269876422,4.433523702403248
94836.20629992493,58.430235355165685,6.52938244789813,4.5194644173460885
94652.106869542,57.57060987423652,6.934415372339123,4.887079615113231
94477.26395986027,58.50365571726586,6.611985103606657,4.296424273048763
95555.01180154468,60.87567123773025,6.911516064105785,4.442008387058586
94750.10316586625,58.73887844081835,6.443756598506682,4.355847537843658
94922.65251951806,57.9989284813685,6.676048411534906,4.547064289300092
95086.91759786589,57.700961988398646,6.263252294973563,4.356481551137173
94870.10939669711,60.115917947913104,6.473832802655418,4.193320597712416
94809.01608959048,58.2973197264037,6.46607840719579,4.256798085825285
94762.59834713659,55.67318947414246,6.280968904047479,4.4775125816491474
94681.33855430945,56.48802623009815,6.878466558114018,4.866511133983416
95011.90815933452,60.710567688449906,6.99940415291459,4.5241428508459425
95047.74257478621,58.716526877501266,6.618213731474958,4.314783194110298
95032.12112335383,60.04889097024798,7.062081968992954,4.645182059198515
94947.55635268224,57.18596230972568,6.486095748779767,4.613870105647945
95118.24417467686,54.67508152600227,6.075794117031677,4.231935653481396
94688.53860753038,60.04755544945476,6.973439160318475,4.660517213176519
94640.49672354666,58.956313954283054,6.806975527969607,4.708211114073569
95048.21246328006,53.77123993813429,5.771637371541766,4.272771368185606
95093.79003700717,57.720205328143045,6.028974155907703,4.081141781614988
94904.80412642863,59.825013858243885,7.015306370351585,4.745959337733402
94625.59606042164,53.186978531951944,5.838634279363232,4.2397078377247075
95128.25311110316,60.937826904240346,7.071360103755326,4.590594164353895
95203.47622209472,56.919218659510555,6.1649634066675345,4.151813246145097
94819.35535363425,58.70965505542055,6.635246187650469,4.615158543951087
94785.21887994229,61.99923933121091,6.718429959291007,4.010426166124661
94733.56421073503,56.51380835987462,6.228390163404695,4.340335654575803
94852.47396063723,55.040792177153804,6.230634077352135,4.85369953050148
94917.69945471919,59.792761845923756,6.898659395384794,4.598563893865003
94832.76358010086,56.844928643679665,6.575400281527872,4.564624151709402
95096.90053887946,61.98263672231725,6.902481801681494,4.32153519475578
94591.59563910645,61.01450956467651,6.8945198712958184,4.500683760845348
95237.4198320691,57.37659390613069,6.541413941680069,4.613686289534499
94639.08042685743,59.1713131891025,6.735032416987812,4.586013258274381
95161.85080533393,58.6440271546157,6.7675210983977925,4.700475305335545
94625.46221386259,60.5320106676454,6.79205701243535,4.419862330314594
94895.67705323904,55.85069387814755,6.3443800535025625,4.381592147257939
94945.53660190672,56.839672141870686,6.406758811086538,4.716532796536522
94610.26213761374,59.15376980451718,6.593365830480823,4.464793896073774
95069.3125084237,56.67131914369893,6.344552750354606,4.24964351795107
94699.14754281414,52.401354171107926,5.824633364759716,4.389640450885403
95043.94635844645,54.16835249409263,6.03053033698399,4.4398021835245345
95077.57067225399,60.7318657817862,6.9019070262837445,4.552072876275399
94722.46187484602,60.27233521801806,6.372189063918152,3.997417664776775
94963.9923200838,55.43089032784228,6.045688551072622,4.221557266245987
94703.12697704992,58.59728499077207,6.5383328437528965,4.3465790543457965
95370.91153828462,54.2857036913586,6.016160703403167,4.273443599548107
95033.86093308621,57.21062373793528,6.075011084450134,4.13131372451763
94917.40911467955,52.59472388260533,5.914659553959226,4.632183370553628
94595.80164161863,58.197471911694926,6.576042609689829,4.488030514253115
94470.51860839696,57.35986647401913,6.53386671215319,4.553438435980955
95147.41552460428,53.446381014367454,5.945767068620478,4.564105109461893
94964.9126881073,61.12496152863987,6.953596629613706,4.5409242212211
94721.25847509295,58.61473629465991,6.215880590197455,4.232190754548105
95271.83349024007,55.44427173263495,6.0715589145064675,4.2367745698349895
94896.62843739736,59.137398489888675,6.968340397449695,4.558760743938773
94788.24455925543,44.737710594024556,4.824722554469236,4.2185978972661475
94923.12900198894,58.41283886118373,6.875580341131718,4.743287857911531
94950.49087872329,55.53377498166922,6.425470766777914,4.710583061238956
95010.03446260348,57.34043759314157,6.886684751381218,4.913153685273532
94809.98986288942,52.1599091872887,6.1112283900650795,4.819618555879194
95071.16935766273,60.55073576953956,7.0280327500230815,4.617508756386022
94495.4511037901,56.0282640606858,6.289215886675295,4.329802678746613
94897.71369806238,59.815615263326386,7.020452340652273,4.787545006868124
94781.25752504144,56.32854108484635,6.211875598790815,4.3525057955136415
94755.1498769927,57.74063302391761,6.423476526173164,4.514458118200665
94838.812393018,57.8667868578071,6.7010647846798905,4.674494565617274
94710.5604361825,53.550555562852,6.113927546890891,4.597647441387325
94671.6604658884,55.707182351447585,6.020093413992776,4.375601643532181
94785.8343447962,61.84648456829385,6.887605076707839,4.408743918391352
94564.14366293601,58.96562422797419,6.40843046039395,4.298248263542295
94681.69176261849,57.219428221249025,6.238989447270089,4.116764227733543
94382.587317457,55.99197143946005,6.03004159473579,4.169549407475591
94663.55832842832,53.87907878703942,5.677553921640372,4.222312197397319
95047.9189366397,56.35863723226795,6.160297197823504,4.081177381225516
94868.28728268211,57.155823678942525,6.624975774069494,4.676411410497726
95071.44465157313,64.14038806064626,7.197480728735017,4.453017989456619
94779.72583488759,57.949852464588766,6.9772747525825585,4.936145584763486
94717.56933134393,61.54932400634168,6.865511991003056,4.2552220396392455
95003.34974275035,56.44772833150334,6.725241158122791,4.886135268296886
94949.34625429721,54.538059191632826,5.953166393474542,4.5108907792531845
95045.04076676743,57.207235488645466,6.637430606057972,4.568777921857983
94791.69812179048,59.0230680125342,6.858187656583313,4.650767583826969
95115.7258330038,51.257249279389136,5.535729184223913,4.411117733237209
95489.68288687064,52.337703948556936,5.902172852723972,4.614488536359675
94890.272955348,59.89792048551378,6.7486995542568415,4.382074939140486
95197.0588560985,59.508821945437155,6.820079076917455,4.9115346552383565
94500.15790709587,53.80415901693707,5.6145773680733635,4.165583191226835
94856.18766436948,60.83764106020022,6.85451619829957,4.524994078943125
94630.44645929051,62.058053934271214,6.695159675930805,4.073595031227174
94967.01615902204,60.01041217608218,7.149627503960906,4.902453927752276
95159.06152998073,55.90119520317465,6.288408911573019,4.462959019137472
94444.09955327118,60.809521158719164,6.7074395159614975,4.493471030603101
94930.43543816784,58.109190614471295,6.798846503845882,4.728916637041535
94855.9377846339,56.32499623240682,6.3982451252407335,4.568161858098313
94960.54012982527,58.410178186636294,6.721077275391967,4.5701529092029585
94676.62082763623,58.604540011277386,6.7593719492990765,4.646373170967497
94898.95925866625,60.02550623840449,6.585340834852652,4.453446789026344
94647.27976063502,60.373989749702034,6.876970602666533,4.417593643520071
95025.35626482035,61.148693084271926,7.386497840185731,4.99190025028498
94794.41168356434,55.283175373707024,6.066003460749683,4.296207823973446
94958.15751825502,60.40052880949168,7.173374814019962,4.842112306992877
95104.6273649879,55.11709724465643,6.197515356541217,4.505123742002781
94833.21017288127,58.16144338266255,6.4544464119552485,4.492402797526547
95171.90486269021,58.957588228352904,6.571645517217963,4.35745891462113
94950.6296655491,59.486733756523606,6.614288236091008,4.23942843463892
94995.08439383679,59.52501718087695,6.737392019329355,4.45182869704763
95224.12084514715,57.94171982762014,6.473449374239038,4.435452881649729
94716.4240811612,57.04635909811905,6.390064584106514,4.406908834595417
94640.14073590223,54.36034115512005,6.011444862379718,4.128398641980516
94902.41090405865,56.71256430895649,6.399480537252688,4.602171114343122
94684.70290243949,53.15789927429951,5.820228143587876,4.616131525183694
94830.7258177733,60.76990189103776,6.98040118033243,4.5762544686683775
94834.69646122144,56.40290105229483,6.6829662629973186,4.966785341990753
94435.87472797716,59.07390923025377,6.581336880060984,4.446626259941379
94908.39425547254,58.1593588274607,6.5390813097096405,4.328028662077486
94704.25905628737,56.32795221502392,6.322326913657458,4.5409918367455155
94533.92968855116,59.90584578303096,6.57913574167363,4.262317095116063
94877.16235793954,56.15466195190684,6.153875666086458,4.271279144998066
94850.9895479506,60.68977872511491,6.6297910585848125,4.278695128736174
94724.38558433774,59.33925070044609,6.52510750323399,4.41078172205008
95158.74059958613,60.54317485866216,6.663676116230448,4.416996762044511
95305.61926881387,57.84938165630121,6.12501422660041,4.212089073772618
94759.26870734563,56.570252076476564,6.500365060569804,4.7067181441815835
94745.52095383995,58.761771845094444,6.905035543606475,4.792715275766417
94601.1492816956,59.4254362997838,6.647004519177533,4.249840720546288
95047.238633964,56.924495278191976,6.34383875600361,4.314280413319189
94896.3214940199,55.851336719276446,6.3020839154548325,4.725995175100178
95006.51726399643,52.40267367252576,6.433520271462473,4.90373236805662
94861.12932453993,56.401400542775114,6.238201578885609,4.4105455757521135
95187.40634543708,52.26779386690171,5.7542239511379245,4.433924187382864
94751.52476542225,55.81223672743632,6.321436643383461,4.506644252643811
94772.82055028896,62.01244941598229,7.433211882680549,4.9337395940773945
94957.4859269605,58.021967324960364,6.613792086559559,4.466294377336489
95075.93033488226,56.15401487523159,6.208847687024477,4.57401253539732
95052.48834320405,61.39314873681174,6.990739563969327,4.655293716592245
95268.21150675922,59.72667113176504,6.742440913556973,4.586843628047286
95209.44740266373,54.38297350739299,6.089178877916964,4.394552375876198
95002.18833265724,52.74609512045908,6.054922181903265,4.672442873157975
94990.59135580756,57.49252409826205,6.603371858731922,4.77468284154681
94953.58054727592,52.9669962178012,6.145194029798078,4.681842807469588
95065.73959933697,56.95767990743139,6.4064987802211615,4.62068607551076
94873.18744010053,56.540079122085025,6.480917050182418,4.713233918742234
94490.10544873674,59.73102084888412,6.802915822502688,4.699173954199052
94603.21002028392,58.10247124145561,6.579373260212391,4.668868543149389
95170.9185456477,59.50634127552372,6.511607105968171,4.2682812307341305
94792.53848642482,58.36508990201181,6.426732723963634,4.358022068392843
94662.25463796138,48.46173462360588,5.471981519072843,4.680319619941967
94961.0251062192,59.94243713707257,6.689199894791457,4.45564155613617
94837.48251658253,61.607463503406485,7.253541374489067,4.479504016791653
94576.84451016945,58.89411654906079,6.618626846002293,4.410811915979373
94713.95843526021,56.02812305825804,6.5253146308219145,4.6185731723074035
95508.82674683581,57.8615936524025,6.639555597746598,4.698637839019907
94580.27988196717,56.764318319089824,6.467607584655525,4.538344055773892
94392.01227219336,58.801945489021705,6.475272286195826,4.188896127613991
94878.48105816393,59.55683751966886,6.897756796013205,4.756272131346542
94937.10426620889,54.89224149284815,5.844921554240183,4.265743192374571
94951.64284950585,60.6366312192381,6.962520095723162,4.472111254656227
95014.88746236866,55.56014239805663,6.394379384432199,4.4065046707945745
94563.38506028899,55.07359358855554,5.911899228962498,4.437050308554448
94627.75970000024,57.88212480284603,6.526412209038261,4.3610985279498005
95143.37726469952,57.1696170766108,6.56874212102185,4.788007526085308
94795.55930503528,59.20632916867043,6.844816241100725,4.687278802402388
95214.06821543047,57.532205228095535,6.357105586317978,4.427002597000772
94837.19550630882,64.48363989795388,7.341396231975526,4.442777312667705
94823.67112847023,57.19858382776047,6.480490087336643,4.6481968030462975
94959.9336550149,55.135383766334456,6.277702904165366,4.542293549006433
94699.88090330208,58.93235566908737,6.749991012535886,4.489936495678679
95054.29941851913,53.88156217035596,6.275868298036596,4.730510970805758
94894.10601902817,63.71922226278716,7.294026896536744,4.730252136609258
94550.57868226229,61.087212623516805,6.937431163835263,4.767697460029178
94985.74906699827,59.860811570389075,6.881815576599992,4.533846548465539
94929.98085917498,62.01443678514626,6.864772869617419,4.4615592739846415
94674.64763315723,58.50817367106772,6.474066956496225,4.487142212589397
94791.316095156,62.91383050365848,7.245306454876822,4.454371506972201
94794.09027563332,61.28489774070447,6.8859102952374345,4.444749426497061
94732.68435029063,53.553380821987346,5.981343780819631,4.542751659272302
94915.00401558119,60.345063763320745,6.94782757165998,4.731754977455183
94822.92038373694,57.04262502320904,6.382447190896395,4.52626486331227
94994.36377111012,58.194385150358464,6.387354639109981,4.279918460547063
95175.37377642028,50.21774980480398,5.872902447073694,4.902411075828128
95367.23885857314,58.56495742752307,6.301464828322333,4.418431857429525
94811.79123003181,60.71892413237313,6.800627126973502,4.344780549895313
94976.48249535127,58.94609060566836,6.613703779343489,4.712642170883065
95162.83725086859,54.79521054312146,6.155974474296215,4.440849949743189
95136.45701345184,59.77849309650402,6.8920240671088795,4.397589274733299
94788.82705580188,61.15064399661026,6.676652184064321,4.086147972229675
94801.84119963861,60.9884146371838,6.666624534889701,4.3792830909643765
95063.8692553824,57.46660697897381,6.422767681307708,4.4149545746876
95104.21616315098,58.96301920111576,6.30917283772981,4.186134882667505
95240.76392628302,59.648736737415554,6.840944681383575,4.61057215655151
94681.80220956584,58.479464826930744,6.838805484208006,4.730498273209101
94775.08703792209,56.0574507693555,6.309879953297798,4.543068866859611
95000.98952619046,60.92420081241802,6.992212945595055,4.54077038135441
94792.67025522578,56.18701079763672,6.24051683427786,4.383592742666139
94804.8371089304,61.406540361783925,7.2650851213965435,4.721410956896242
94775.39537354813,58.33302792193274,6.383849827546808,4.633539977258466
94884.50114546945,59.136103418896845,7.147178526286547,4.856086977841564
94838.56926327817,56.83073865947047,5.904239367954169,3.9540553209054634
94595.98777759199,50.73076688811312,5.483696507655897,4.558424706150333
94988.46805193508,60.25370910395083,7.189110063891671,4.722676847549141
94878.39193275037,59.85798359406976,6.731397941130604,4.5752252774012705
94665.13044851791,58.07647240708706,6.564209440756995,4.366368198861431
94667.14199454864,57.83960163661489,6.559731415394292,4.416269908613097
94678.66232071852,55.82776792973549,6.207580349682894,4.232271332645921
94931.40926220013,56.4012075061312,6.368059915691516,4.569959000119795
94719.83300954384,60.471473742000455,7.167438701694775,4.9161445635168235
94708.12432910608,57.846583408455686,6.543289737434266,4.5539333065921
94979.48864054993,60.824094765314804,6.7829576190532395,4.262756556841435
94557.68501924661,61.122287459779514,6.700541226547968,4.352040966404574
95029.2055961557,57.18274265931897,6.306225273002615,4.209602776935292
95017.29214512416,51.87917679842301,5.636025737750883,4.3460233736199045
95089.73352315911,59.534334268069344,6.782545691297401,4.871733058396319
94610.72660327109,57.83561012365865,6.745620655087626,4.77242496942065
94955.90441570242,61.34737412750117,6.897640107117656,4.324209433538839
94955.64901640775,53.928685887090786,6.3447143524921055,4.844147320801021
94838.62694999528,57.22289874356915,6.40066065526367,4.564558950886437
95030.12555357642,53.21586605788136,6.105911620587143,4.606179273389706
94896.84450786588,54.316303875708044,6.095894319368512,4.640493133735303
95146.78924300935,53.75991342666118,6.051287928052822,4.544005100974898
95068.672695298,58.5617101182456,6.50000062752269,4.3515700281367575
94945.506961877,53.14708364620587,5.8257316214288455,4.328078794717824
94984.00122743816,58.55518959278756,6.66918280581449,4.538130730543776
94923.4370507941,52.9854285350968,5.888849358681494,4.72595845431131
95234.3129122894,61.83650509819558,6.8622983760644605,4.361353284722377
94714.87733471213,53.218858345161976,6.006875101631605,4.323872555989423
94529.32675228587,54.36237499212185,6.004900132101148,4.270266105471694
94935.47435430797,55.83492353658189,6.057051422542946,4.2925077331552695
95044.89121001618,56.81795476186786,6.357131636947261,4.4724840770459195
94723.34055607773,52.84129441443376,5.834007657999576,4.442879613447779
94991.36605816748,57.39243937463947,6.552036905098568,4.393801091284823
94799.32435501763,60.08958549074038,6.805668045130532,4.545804359621256
94977.34693420098,62.34763334185213,7.170283597366842,4.539005456695627
94765.54587196212,58.205857407688704,6.52214411589455,4.290828888239059
95123.1551554707,55.80100855305203,6.198166837956763,4.313307051286728
94969.91154985031,61.44488692163318,6.868012276438397,4.441470951904564
95009.80255617991,59.31095657160215,6.558606730228532,4.385748162029624
94787.70639139834,62.130226852162956,6.93574654310283,4.704921729662788
95117.30087950012,54.98486792267685,6.13989140501738,4.407980789617409
95459.62298429856,57.51201943609317,6.638260605125771,4.579895545007927
95149.68139716011,55.163517044814924,5.994112644972762,4.454381096196627
94854.11877165851,59.12385501119963,6.690977971257228,4.5122904258257845
94996.50224919106,61.111446897010076,6.823974663293568,4.278679021560482
94565.29579933168,62.05657572078179,7.183121873677016,4.4982159892015
95611.99428973955,60.52097783850276,6.678319241045047,4.441467664212768
94603.41487307975,54.948133535279446,5.953385384154544,4.302622613279615
95071.01403897813,54.717151704942154,6.536888687220519,5.139703155088311
95062.02454044709,57.17895550824929,6.552179491744201,4.506487889622603
95110.9147524808,56.83867335159374,6.554882794551628,4.589527205398927
95226.42824753367,59.96713408377976,6.940127181408588,4.752907104499128
94424.92428841557,57.282301561008126,6.410621656337155,4.2422842569611925
94030.23529578254,59.91687672212063,6.873211991018607,4.489768802954294
94973.56864961784,53.64202043754794,5.91526387299597,4.544736508966791
95057.22126243333,60.65835654648957,6.879867760617624,4.8420843295113505
94813.06686073315,56.53237301678321,6.386541228228979,4.469636581095879
94922.46351046914,58.084792992563806,6.742857873688108,4.769442234767975
94710.87563510302,54.039384156824745,6.243881867939929,4.770077151218068
94567.09177726941,47.856528944865325,5.11126186831435,4.198147811789899
95238.04896597115,55.492374524798095,6.5021598548554485,4.724235297249911
94896.47872496428,57.297567039362484,6.392728928490039,4.613858531035495
94745.84520780256,58.22409349597361,6.401152519695354,4.391263607541328
94801.85734712744,52.504054060726034,5.9305897449290805,4.449220416861171
94868.17662161656,59.12730718528619,6.782833733349991,4.669253380323427
95197.84613507857,54.52783524217343,6.3370539469777345,4.544661290727571
95357.8309055966,59.272787801732015,6.6021760152686415,4.331967317391498
94974.97636391124,55.30795426226627,6.165423090375787,4.485813952326711
94524.92385581079,57.8835657601874,6.509598935389951,4.2150093492139105
94462.33902535198,61.63424631263587,6.798499954489942,4.1487441808297465
95052.67975274748,58.529185404315434,6.526691480241998,4.237270923984984
95471.31905309204,61.97924417216963,6.727285427345274,4.197699899618034
94920.32009885367,57.75439058932582,6.021248783934301,4.464055407972499
94850.15736645769,55.127753604281544,6.24897697537306,4.541610538675582
94763.27003118185,52.726478479518704,6.023595517936249,4.447483922438962
94862.32642006078,49.82559756629654,5.638063400148084,4.617751657426702
94934.35613119838,58.54918161437116,6.879019763493992,4.824794757453507
94589.12166512494,57.87144543307493,6.691985361480461,4.7165485622285965
